Indeks;Imie ;Nazwisko
120081;Paulina;Sobczak
126423;Henryk;Bąk
122971;Kazimierz;Górski
128295;Irena;Wójcik
121127;Marian;Chmielewski
128404;Małgorzata;Jaworska
123065;Ewa;Duda
128032;Jakub;Malinowski
124266;Jadwiga;Brzezińska
126206;Roman;Sawicki
121876;Marcin;Szymczak
120917;Joanna;Baranowska
120169;Maciej;Szczepański
126394;Czesław;Wróbel
123294;Grażyna;Górska
122418;Wanda;Krawczyk
124735;Renata;Urbańska
124325;Wiesława;Tomaszewska
120302;Bożena;Baranowska
129966;Ewelina;Malinowska
120849;Anna;Krajewska
121615;Mieczysław;Zając
120023;Wiesław;Przybylski
128008;Dorota;Tomaszewska
124008;Jerzy;Wróblewski
120415;Magdalena;Adamczyk
125507;Władysław;Piotrowski
120635;Marek;Wiśniewski
120392;Stanisława;Głowacka
128082;Agata;Kubiak
128482;Marian;Kowalski
120473;Piotr;Szymański
124505;Stanisław;Kowalski
121452;Aleksandra;Szulc
128769;Tomasz;Kucharski
125632;Marcin;Mazurek
129857;Sebastian;Baranowski
121834;Agata;Wysocka
123664;Grażyna;Mazur
124122;Marcin;Gajewski
128040;Krystyna;Sikorska
125541;Krzysztof;Kowalski
125040;Małgorzata;Mazurek
128209;Adam;Jasiński
121934;Patrycja;Makowska
128335;Piotr;Adamczyk
120626;Waldemar;Wieczorek
126670;Edward;Szulc
122659;Janusz;Andrzejewski
120928;Edyta;Nowakowska
126635;Joanna;Woźniak
123509;Mateusz;Michalak
122544;Marta;Sobczak
126658;Waldemar;Makowski
121516;Marzena;Jabłońska
126552;Maciej;Sikora
127073;Monika;Szewczyk
127023;Genowefa;Cieślak
127188;Edyta;Nowicka
127466;Piotr;Malinowski
125105;Krzysztof;Głowacki
125669;Andrzej;Szewczyk
127939;Mariusz;Grabowski
129610;Stefania;Król
127122;Wiesław;Szczepański
126707;Małgorzata;Wasilewska
125242;Józef;Szczepański
126979;Mariusz;Kowalczyk
128541;Janina;Kozłowska
128907;Roman;Kwiatkowski
121101;Jadwiga;Kamińska
126581;Agnieszka;Zając
124447;Robert;Włodarczyk
126141;Henryk;Kowalski
124789;Kazimiera;Zalewska
126382;Sylwia;Kaźmierczak
124475;Dorota;Maciejewska
125415;Jacek;Laskowski
123051;Michał;Sobczak
127134;Genowefa;Lis
126344;Mirosław;Czerwiński
129686;Agata;Gajewska
120643;Zofia;Bąk
128888;Marek;Adamczyk
122159;Agata;Pawlak
125439;Adam;Jankowski
123417;Mieczysław;Adamczyk
129183;Wanda;Czarnecka
122626;Andrzej;Ziółkowski
120882;Jarosław;Laskowski
124287;Iwona;Urbańska
128296;Aneta;Jakubowska
128822;Zdzisław;Król
123897;Maria;Wiśniewska
125418;Grzegorz;Borkowski
125529;Maria;Głowacka
129139;Jakub;Pietrzak
122396;Danuta;Piotrowska
124070;Sebastian;Chmielewski
127846;Adam;Andrzejewski
